Number_of_Customers_Per_Day,Average_Order_Value,Operating_Hours_Per_Day,Number_of_Employees,Marketing_Spend_Per_Day,Location_Foot_Traffic,Daily_Revenue
463,7.19,6,9,214.55,558,3443.69
148,7.15,7,12,184.71,244,1021.08
460,3.48,16,10,456.3,254,2384.42
331,6.58,14,14,77.81,562,2198.35
127,9.88,8,5,434.17,440,1988.89
109,5.38,10,2,314.54,270,1215.53
254,2.99,16,12,447.82,596,1379.93
476,8.35,10,4,208.31,342,3729.82
141,4.55,9,14,334.8,641,986.17
116,5.46,15,10,248.67,235,942.7
138,3.48,7,3,302.06,366,571.57
181,5.42,16,14,184.64,579,1020.08
251,7.01,11,4,455.63,619,2504.67
88,9.98,17,5,187.27,582,981.9
441,9.24,16,13,182.74,935,4107.19
343,5.89,14,4,94.47,313,2196.8
450,9.94,16,13,327.28,700,4532.39
338,8.95,15,2,209.32,82,2909.78
375,9.96,17,10,58.75,742,3646.93
285,8.99,17,13,459.16,299,3036.87
201,8.27,16,6,345.26,675,2008.14
76,3.71,8,2,328.43,96,901.94
451,8.0,11,14,383.4,165,3720.5
162,4.76,7,10,165.07,862,911.02
425,4.51,11,8,166.6,563,2173.63
262,8.28,15,14,187.0,632,2431.12
436,7.06,8,7,35.65,870,2766.11
362,9.3,7,4,397.16,118,3920.81
175,8.54,8,9,490.57,489,1982.3
363,7.24,11,7,197.59,861,2745.29
114,8.39,17,6,461.18,245,1861.35
83,7.43,6,11,179.36,108,854.64
334,9.96,15,12,365.03,174,3682.8
266,5.94,10,7,267.09,266,1780.33
341,4.31,10,9,372.34,947,1696.93
176,3.28,14,5,285.18,472,1073.8
477,4.45,6,6,124.69,180,2175.15
459,4.66,10,3,128.26,598,2244.93
386,6.56,7,14,222.29,729,2507.5
392,4.37,17,4,326.12,552,1623.61
130,6.1,6,3,89.63,940,936.21
96,7.8,17,14,408.04,524,855.88
179,5.03,6,2,83.46,922,1078.78
149,8.6,10,6,266.88,543,1440.64
449,6.38,12,13,88.75,520,2711.19
278,5.22,17,11,173.71,642,1650.07
102,2.77,12,13,95.5,828,360.83
361,5.98,10,6,366.96,265,2119.58
480,8.46,15,4,76.52,680,3793.18
102,7.56,8,10,182.63,644,797.39
337,4.66,8,13,362.98,125,1929.87
130,4.27,16,5,426.57,417,576.5
112,6.4,16,3,495.93,204,1385.54
332,9.05,14,9,127.11,369,2742.46
364,3.74,6,11,175.62,920,1661.17
484,3.02,10,2,328.89,932,1874.97
370,7.01,11,14,107.48,904,2233.91
213,5.29,6,12,201.28,877,1195.97
89,9.66,10,12,427.23,732,1438.38
359,5.35,13,5,110.93,462,1786.27
393,5.2,13,12,474.18,422,2298.05
86,3.41,10,5,39.28,609,480.43
273,3.51,16,4,240.68,666,1120.07
176,9.27,15,13,74.13,391,1534.14
163,8.54,7,5,229.16,864,1775.19
351,3.84,17,8,375.69,662,2061.31
384,3.72,6,10,413.63,741,2360.51
68,5.62,8,7,334.33,198,889.45
90,7.64,12,13,211.36,877,1222.95
197,7.25,9,11,259.47,285,2009.74
139,4.54,8,3,255.71,723,1202.84
424,4.64,16,14,472.45,716,2526.09
267,8.15,17,14,70.02,546,2361.39
182,8.98,9,13,183.96,548,1969.53
483,5.17,16,6,246.42,938,2816.55
434,5.55,16,6,261.62,430,2757.84
419,6.47,11,6,470.91,64,3052.16
175,6.85,6,5,401.55,950,1572.76
338,7.89,11,2,110.44,919,2695.46
64,5.02,13,2,32.88,179,682.07
313,3.73,13,2,399.6,318,1613.57
185,4.46,9,4,52.44,298,834.87
386,3.17,16,2,399.38,888,1862.69
116,8.3,9,7,36.25,412,659.28
78,5.48,9,3,99.09,613,400.75
210,4.53,12,7,190.82,621,1278.67
272,7.01,13,2,183.87,604,1790.54
191,2.95,9,6,54.31,346,615.49
444,9.9,8,14,45.72,52,3807.97
195,7.84,10,13,306.05,464,1918.11
100,8.3,11,5,78.84,431,1043.59
266,9.19,9,8,499.46,147,2742.44
434,7.94,16,8,345.52,135,3738.92
196,9.77,14,10,58.63,66,1913.15
393,7.31,16,12,163.46,62,3031.71
276,8.79,6,10,407.2,827,3040.59
164,2.81,13,2,415.53,403,923.66
227,4.8,16,3,478.43,844,1940.67
260,5.2,8,5,474.24,518,1888.42
148,6.98,17,9,338.0,469,1357.34
434,6.59,10,7,252.35,726,3183.28
215,3.1,11,4,152.69,939,1203.74
302,8.03,9,7,25.91,715,1919.23
179,6.33,14,2,419.43,131,1843.01
317,9.77,16,8,449.79,320,3441.5
302,9.53,12,6,67.21,259,3062.42
82,6.16,16,10,144.1,61,538.47
274,7.8,13,4,480.58,784,2788.97
307,9.82,6,11,103.07,637,3112.92
178,6.15,7,14,181.5,702,1216.71
350,5.86,12,4,22.66,885,2133.75
346,2.88,9,14,362.78,654,1673.68
110,7.4,12,14,123.82,834,1056.86
166,3.09,15,6,412.08,205,796.25
54,8.21,13,3,250.75,403,814.15
420,4.43,16,2,106.03,931,1814.98
56,2.98,13,8,208.45,731,507.43
447,5.8,10,13,154.4,841,2758.3
161,7.51,13,7,280.34,188,1584.09
271,8.58,15,8,432.2,717,2821.43
259,9.6,16,4,210.37,628,2471.02
244,6.34,15,8,90.39,737,1747.24
287,3.2,16,12,460.08,702,1670.78
199,3.64,17,13,401.24,240,1304.63
332,3.86,13,11,339.31,670,1752.1
296,5.53,15,4,324.37,704,2260.18
404,8.5,11,9,351.74,783,3743.93
458,7.41,7,14,131.43,766,3400.62
183,5.92,12,4,211.85,602,1162.91
210,8.24,16,12,175.98,398,1752.84
489,5.74,14,4,224.64,890,2965.56
195,8.0,11,11,147.73,253,1377.74
123,4.35,17,13,332.4,422,930.09
194,9.01,12,4,279.44,298,1876.15
239,6.38,7,12,189.03,684,1527.51
369,3.42,9,11,19.86,847,1255.72
438,4.36,12,6,34.09,923,1681.31
108,5.48,12,13,305.58,584,1126.57
344,9.39,12,13,190.18,324,2857.99
370,5.6,12,5,167.15,599,2198.09
274,5.83,6,5,335.18,180,1980.03
387,7.62,15,9,396.57,256,3523.13
336,7.89,7,9,407.03,870,2850.08
269,8.2,13,3,103.62,443,2183.37
169,4.7,11,4,62.0,757,640.6
169,8.54,17,3,313.6,328,1372.91
245,3.04,11,5,304.26,978,1352.45
493,5.57,8,14,158.57,184,2380.12
282,5.84,15,12,407.36,862,2164.53
178,5.91,7,4,113.64,446,976.43
162,5.44,15,6,213.73,971,1249.4
203,4.03,17,10,430.79,439,1228.51
227,5.91,13,12,414.01,618,2098.8
296,7.86,6,8,138.63,669,2627.19
409,6.23,7,14,124.51,668,2809.63
250,3.57,15,13,263.83,845,1478.45
138,3.51,13,8,415.17,699,892.18
358,6.24,17,6,132.45,633,1823.65
390,6.32,16,3,406.31,522,2615.13
78,8.45,7,7,251.69,450,1038.78
226,2.66,11,10,254.11,776,1160.07
63,5.72,6,8,127.67,398,505.91
237,3.38,12,7,301.75,330,1098.58
326,7.13,10,2,235.69,780,2813.17
172,9.36,7,11,386.36,528,2262.87
492,4.57,14,6,284.35,999,2112.11
178,9.6,7,4,436.95,490,2424.19
179,6.87,7,5,333.63,521,1820.46
426,6.15,10,12,113.92,623,2682.58
249,4.23,17,11,289.05,571,1371.92
490,5.83,11,12,213.98,624,3026.15
317,7.11,9,11,445.41,868,2646.98
378,8.8,7,6,377.16,306,3671.42
296,4.26,14,14,255.15,157,1521.46
269,4.21,15,7,467.26,154,1908.34
440,2.8,13,14,440.34,533,1948.77
140,3.2,6,14,428.71,356,707.72
371,6.92,11,3,221.89,277,2714.53
289,9.25,7,12,271.41,365,2315.21
90,6.95,9,12,298.52,377,1145.49
410,2.68,7,10,181.81,486,1345.55
68,7.32,16,3,393.6,367,947.08
88,5.09,11,9,91.75,957,497.66
111,3.03,16,2,311.62,906,812.44
466,3.16,9,6,14.46,741,1355.85
416,4.39,6,14,71.81,796,1703.75
273,6.58,7,10,119.4,678,1792.47
125,9.58,7,3,169.45,154,1581.6
124,7.65,17,9,195.89,887,1193.78
342,5.07,10,7,242.15,768,1873.08
491,6.11,13,3,238.67,557,3356.53
252,2.93,8,12,256.58,885,1155.51
379,9.68,7,8,362.96,875,3631.62
209,4.35,9,9,190.68,707,1020.72
356,5.09,11,10,193.91,213,1778.23
296,6.39,13,8,76.46,715,1925.75
160,6.99,8,14,53.61,643,916.29
213,2.93,14,3,471.53,744,1326.94
266,3.46,6,13,257.51,270,1482.7
103,9.73,7,14,56.33,477,686.84
373,5.01,9,6,498.74,335,2795.07
155,8.63,17,6,175.36,270,1662.0
101,6.45,12,13,271.2,947,886.44
428,6.59,12,9,484.72,883,3265.53
422,5.58,9,5,238.52,962,2567.84
491,3.73,11,8,388.2,282,2058.6
247,3.26,14,3,466.9,834,1101.81
206,3.44,17,4,264.91,999,1252.63
350,4.6,14,11,279.77,304,1897.69
343,8.74,17,3,346.47,452,3165.36
247,4.78,12,14,175.06,313,1048.08
435,7.62,10,9,113.6,387,3252.78
398,6.17,15,14,379.2,967,2985.47
292,7.89,17,3,263.46,911,2472.27
494,9.57,13,8,385.76,686,4646.33
220,8.96,12,7,104.02,349,1978.25
160,4.41,14,13,48.08,541,407.87
202,5.98,11,2,229.18,576,1264.24
148,9.25,12,5,63.12,489,1368.57
368,7.79,9,13,304.83,701,3082.62
132,9.08,12,12,133.08,347,809.22
183,2.73,14,12,95.64,74,950.27
253,4.77,12,8,227.13,292,1149.71
282,6.3,7,5,45.23,486,1385.07
342,7.97,12,12,202.9,402,2723.15
290,3.29,11,9,28.8,752,674.51
372,2.68,9,7,419.68,692,1334.64
257,8.84,12,13,322.28,991,2889.02
83,7.17,11,14,221.18,266,962.05
76,7.61,7,2,35.49,937,818.2
227,9.12,10,12,185.18,608,1880.51
460,7.24,17,2,175.87,574,3065.41
222,2.57,8,3,348.4,701,1249.46
190,4.74,13,3,158.12,510,886.03
135,9.89,15,4,420.09,184,2052.01
124,7.72,6,12,475.15,552,1535.38
449,7.65,16,7,52.36,231,2986.71
59,6.74,15,3,59.91,465,530.45
402,5.4,15,7,291.25,800,2493.99
167,3.01,10,11,423.4,592,808.33
58,2.57,6,3,385.51,456,887.91
440,5.03,12,8,199.26,281,2300.17
166,9.82,12,8,422.84,972,2330.22
112,3.11,15,13,336.22,368,604.81
445,3.57,7,9,454.66,601,2639.21
114,2.98,10,8,80.71,735,587.32
490,4.55,17,8,359.38,744,2477.11
468,8.02,13,9,255.18,984,3750.38
471,4.15,9,8,46.95,148,1994.35
192,5.1,15,9,139.83,924,846.08
233,5.18,10,9,235.22,569,1538.95
88,9.58,6,10,184.47,449,705.96
236,9.97,15,3,106.65,676,2269.98
420,6.72,11,14,474.45,411,3107.39
306,4.24,8,4,312.73,352,1529.1
368,9.05,15,14,64.17,189,3054.75
135,5.95,9,11,181.59,901,891.59
212,8.83,9,6,214.68,81,1849.22
60,3.85,12,7,348.41,179,823.38
186,9.91,14,7,127.95,789,1621.45
51,3.63,12,3,195.37,967,379.18
422,7.43,8,5,315.42,164,3270.9
285,6.55,14,2,224.5,272,2260.56
136,4.51,14,9,10.2,535,417.8
330,4.59,9,11,150.55,142,1293.67
145,8.55,13,10,474.73,513,1704.95
276,7.03,17,14,276.61,87,2305.48
256,7.86,10,5,231.05,932,2206.15
495,5.09,14,7,447.31,551,3031.15
50,5.95,17,9,36.83,675,110.52
310,5.79,7,7,54.56,191,1836.24
219,7.1,7,13,135.76,552,1733.48
363,9.94,13,2,356.54,910,3678.08
164,4.31,9,11,171.37,736,914.85
381,6.92,12,4,441.74,753,2882.26
244,5.76,13,8,160.06,615,1390.93
296,4.31,13,7,92.44,505,1279.41
305,3.22,15,12,76.67,599,929.44
238,7.85,10,11,360.2,326,2080.14
408,4.08,11,10,483.15,852,2136.14
58,4.53,13,2,361.0,628,778.3
413,7.8,11,13,248.34,513,3251.04
217,9.67,14,3,274.87,135,2167.26
197,8.53,9,12,129.93,105,1701.71
153,5.8,10,11,492.32,596,1252.04
291,2.67,9,5,455.69,394,1492.41
197,3.2,13,7,54.45,777,645.31
361,9.39,10,11,113.25,668,2964.53
130,3.12,10,6,90.23,618,405.39
442,9.03,6,7,402.4,792,4038.73
369,2.79,11,8,29.01,969,786.38
453,9.93,12,7,474.97,563,5114.6
368,9.84,11,12,294.67,396,3683.58
413,4.68,17,14,330.58,305,2339.46
299,3.48,17,11,292.82,972,1237.5
312,7.44,14,11,219.5,808,2656.69
104,4.76,7,7,363.32,469,995.23
495,9.63,12,3,356.89,139,4881.0
499,5.38,17,11,258.87,397,2747.14
165,6.9,17,9,40.82,708,1071.92
267,7.69,7,8,190.0,810,2126.97
409,4.55,13,5,143.14,483,1503.07
275,9.64,10,2,224.77,981,2507.35
427,4.75,11,13,473.43,61,2619.62
231,5.17,13,14,388.02,795,1729.24
474,6.99,7,14,347.68,810,3405.74
399,4.56,15,7,216.67,695,1961.68
88,7.18,10,9,197.7,75,576.32
222,2.7,13,11,375.76,414,1486.36
71,4.45,16,4,319.01,534,399.54
263,7.51,9,13,466.93,54,2562.38
251,7.81,9,2,204.18,962,2090.28
382,7.69,8,13,186.31,207,2767.63
115,7.11,6,6,289.89,371,901.8
404,6.99,16,13,389.26,920,3045.57
414,4.79,14,11,460.7,385,2032.44
377,5.98,11,12,157.71,270,2580.07
351,8.3,13,9,251.46,76,3062.93
350,5.96,17,7,396.63,150,2265.42
360,7.35,17,14,323.3,368,2981.47
413,3.01,11,14,320.26,859,1560.46
356,2.72,11,8,134.53,269,1209.32
228,9.21,12,7,237.33,617,2284.35
473,7.69,17,2,59.57,551,3290.21
496,6.46,6,4,53.78,557,2975.3
286,9.72,13,7,285.7,541,3036.45
54,9.74,17,9,45.39,551,447.09
65,6.51,7,10,259.27,656,964.07
108,2.56,8,7,261.16,456,657.09
171,6.66,6,5,14.92,661,812.03
103,5.43,7,2,134.79,144,965.7
481,2.97,12,11,267.71,270,1594.77
243,9.1,17,3,149.41,994,2115.19
207,5.35,12,11,18.86,322,1128.9
457,5.25,17,3,62.34,897,1943.57
340,3.9,12,2,457.77,299,1566.08
117,8.6,6,12,286.23,805,1566.98
209,7.44,10,10,464.03,923,2031.9
168,5.76,11,9,69.37,650,941.26
360,4.62,13,13,178.05,523,1711.0
150,8.53,16,13,60.94,519,1274.53
248,5.83,7,12,438.64,532,2014.38
101,5.67,7,8,377.83,672,1130.78
282,9.56,7,7,379.92,367,3338.99
445,9.42,9,5,322.73,290,4587.33
69,3.56,12,13,115.14,899,253.49
303,3.05,10,8,168.34,745,929.27
69,9.0,12,11,243.73,663,572.13
193,2.89,12,8,310.45,582,901.28
471,6.29,11,2,235.08,448,3032.74
437,3.11,6,4,276.04,984,1904.28
403,7.68,13,2,207.11,487,2815.62
141,9.66,9,2,337.84,67,1636.33
404,5.09,9,14,34.39,378,1722.33
188,5.44,6,10,257.96,818,1177.64
443,8.27,12,12,104.74,75,3238.1
377,6.88,11,11,191.0,648,2808.45
324,8.58,16,3,28.8,127,2554.17
348,3.51,15,3,138.22,190,1540.7
457,7.27,11,8,489.15,635,3626.99
264,3.23,10,12,70.43,270,1186.23
282,4.95,9,6,250.25,658,1763.23
222,6.71,10,12,259.15,427,1978.01
111,7.6,13,2,63.65,170,487.3
144,2.79,14,2,240.2,687,899.92
362,5.0,6,13,422.67,348,2424.2
85,4.16,6,6,72.43,900,467.02
418,2.86,10,3,409.17,333,1693.58
143,5.64,15,8,113.04,503,728.03
465,9.01,9,3,235.19,413,4169.47
57,3.43,17,2,183.95,853,513.69
152,6.35,8,9,137.13,999,1020.88
493,5.7,17,11,458.75,737,3392.51
180,4.99,16,7,190.46,701,1185.05
246,8.39,6,11,226.94,304,1980.09
137,3.4,13,6,422.81,576,1053.07
192,9.68,8,7,136.69,638,1778.06
61,2.78,7,2,225.34,827,716.75
292,9.76,17,2,37.6,509,2506.55
480,5.87,14,13,431.28,511,2918.47
396,4.88,16,9,300.36,308,2380.01
499,3.99,8,7,27.81,974,1785.04
351,5.68,10,10,316.29,360,2398.75
443,2.59,17,8,42.14,535,1215.17
340,6.64,16,7,243.27,431,2197.73
185,5.26,16,8,305.86,566,1387.66
360,9.4,15,13,307.29,547,3914.04
362,4.2,8,2,236.29,725,1677.61
209,9.7,12,12,150.28,551,1972.84
408,3.99,15,4,34.75,645,1144.06
456,9.26,16,7,307.28,371,4413.76
427,9.31,12,7,346.84,940,3674.03
322,4.56,14,10,166.22,654,1362.39
472,8.81,9,11,311.56,671,4131.91
107,5.52,8,8,69.04,325,833.94
450,4.58,12,4,116.71,495,1622.31
262,9.67,8,14,132.74,63,2347.61
157,4.05,17,12,197.93,444,976.49
102,7.48,15,13,466.81,477,1349.27
488,3.8,16,8,427.25,563,2503.25
